Image,Refined Caption
cat.4001.jpg,a white cat sitting on the floor next to a door 
cat.4002.jpg,a man holding a cat in his arms 
cat.4003.jpg,a gray and white cat sitting on top of a carpet 
cat.4004.jpg,a cat that is laying down on the floor 
cat.4005.jpg,a cat that is laying down on the floor 
cat.4006.jpg,a black and white cat and a brown and white cat 
cat.4007.jpg,a black and white cat sitting on top of a rack 
cat.4008.jpg,a cat is sitting in a cage in a cage 
cat.4009.jpg,a gray and white cat laying on a table 
cat.4010.jpg,a black and white cat sitting on top of a rug 
cat.4011.jpg,a cat that is laying down on a chair 
cat.4012.jpg,a cat that is laying down on a blanket 
cat.4013.jpg,a cat sitting on the floor next to a wall 
cat.4014.jpg,a black cat sitting on top of a bed 
cat.4015.jpg,a cat is laying in a blue cage 
cat.4016.jpg,a cat that is laying down on a blanket 
cat.4017.jpg,a cat sitting on a fence looking at the camera 
cat.4018.jpg,a white cat sitting on the floor next to a table 
cat.4019.jpg,a cat that is laying down on a bed 
cat.4020.jpg,a black and white kitten sitting on a blue surface 
cat.4021.jpg,a cat laying on a blanket on a bed 
cat.4022.jpg,a black and white cat laying on the floor next to a bag 
cat.4023.jpg,a black and white cat laying on a blanket 
cat.4024.jpg,a black cat sitting in a bathroom next to a bowl 
cat.4025.jpg,a person holding a cat in their hand 
cat.4026.jpg,a small black kitten sitting on a wooden floor 
cat.4027.jpg,a cat sitting on top of a wooden table 
cat.4028.jpg,a cat sitting on the floor next to a person 
cat.4029.jpg,an orange and white cat laying on a bed 
cat.4030.jpg,a black cat standing next to a person on the floor 
cat.4031.jpg,a cat that is laying down on a couch 
cat.4032.jpg,a gray and white cat sitting on the ground 
cat.4033.jpg,a cat standing on top of a bed in a room 
cat.4034.jpg,a cat sitting on top of a sink 
cat.4035.jpg,a cat laying in a blue and white bath tub 
cat.4036.jpg,a cat sitting on top of a blanket in a cage 
cat.4037.jpg,a cat is playing with a person's hand 
cat.4038.jpg,a white cat sitting on the floor next to a window 
cat.4039.jpg,a person holding a cat in their arms 
cat.4040.jpg,a gray and white cat sitting on top of a wooden table 
cat.4041.jpg,a gray and white cat sitting on a blanket 
cat.4042.jpg,a gray and white cat sitting on top of a wooden chair 
cat.4043.jpg,a gray cat sitting on top of a window sill 
cat.4044.jpg,a cat that is standing on a blanket 
cat.4045.jpg,a cat sitting on top of a bed 
cat.4046.jpg,a white cat sitting on top of a microwave 
cat.4047.jpg,a cat laying on top of a person's arm 
cat.4048.jpg,a gray and white cat sitting on a blue blanket 
cat.4049.jpg,a black and white cat and a gray and white cat in a cage 
cat.4050.jpg,two cats laying on a bed with stuffed animals 
cat.4051.jpg,a cat that is standing on a carpet 
cat.4052.jpg,an orange and white cat laying on top of a counter 
cat.4053.jpg,a black cat standing next to a person's hand 
cat.4054.jpg,a cat that is laying down on a red blanket 
cat.4055.jpg,a cat standing on top of a green plant 
cat.4056.jpg,a black and white cat laying on the floor 
cat.4057.jpg,a cat sitting on the floor next to a rug 
cat.4058.jpg,a black and white cat sleeping on a piece of paper 
cat.4059.jpg,a cat laying on top of a wooden table 
cat.4060.jpg,a cat that is sitting on the ground 
cat.4061.jpg,a gray and white cat is looking at the camera 
cat.4062.jpg,a black and white cat sitting on top of a bed 
cat.4063.jpg,a cat laying on top of a bed 
cat.4064.jpg,a cat laying on a person's lap 
cat.4065.jpg,a cat sitting on top of a bed 
cat.4066.jpg,a cat is laying down with a stuffed animal 
cat.4067.jpg,a gray and white cat sitting in a room 
cat.4068.jpg,a cat laying on top of a blanket next to a red blanket 
cat.4069.jpg,a black and white cat sitting in a cage 
cat.4070.jpg,a black and white cat standing in front of a refrigerator 
cat.4071.jpg,a cat sitting on the floor next to a bowl of food 
cat.4072.jpg,a white and black cat laying on top of a bed 
cat.4073.jpg,a white cat sitting on top of a red carpet 
cat.4074.jpg,a black cat laying on a white surface 
cat.4075.jpg,a cat and a cat laying on a window ledge 
cat.4076.jpg,a black and white cat playing with a toy in a cage 
cat.4077.jpg,a black and white cat sitting on top of a table 
cat.4078.jpg,a gray and white cat sitting on a blue surface 
cat.4079.jpg,a black cat laying on top of a bed 
cat.4080.jpg,a cat that is standing in a cage 
cat.4081.jpg,a gray cat standing on a tile floor 
cat.4082.jpg,a cat that is laying down on a bed 
cat.4083.jpg,a cat that is laying down on a blanket 
cat.4084.jpg,a person petting a cat in a cage 
cat.4085.jpg,a brown and white dog standing in front of a fence 
cat.4086.jpg,a person petting a cat on a person's arm 
cat.4087.jpg,a black cat laying on a person's lap 
cat.4088.jpg,a gray and white cat sitting on top of a blanket 
cat.4089.jpg,a cat sitting on top of a couch 
cat.4090.jpg,a black cat laying on the floor next to a door 
cat.4091.jpg,a gray and white cat standing on a tile floor 
cat.4092.jpg,a cat sitting on top of a metal cage 
cat.4093.jpg,a cat that is looking at the camera 
cat.4094.jpg,a gray and white cat sitting on top of a table 
cat.4095.jpg,a cat sitting on top of a wooden floor 
cat.4096.jpg,a black cat laying on a pillow in a room 
cat.4097.jpg,a cat that is sitting on a counter 
cat.4098.jpg,a cat that is sitting on a person's arm 
cat.4099.jpg,a cat that is looking at the camera 
cat.4100.jpg,a black and white cat laying on a towel 
cat.4101.jpg,a small kitten playing with a toy on a bed 
cat.4102.jpg,a cat that is laying down on a blanket 
cat.4103.jpg,a gray and white cat is looking at the camera 
cat.4104.jpg,a black and white cat and a black and white cat 
cat.4105.jpg,a cat that is laying down on a chair 
cat.4106.jpg,a black and white cat is sitting on a couch 
cat.4107.jpg,a black and white cat sitting on a man's arm 
cat.4108.jpg,a black and white cat standing on top of a counter 
cat.4109.jpg,a cat that is looking at the camera 
cat.4110.jpg,a cat sitting on top of a cage in a room 
cat.4111.jpg,a cat sitting on a couch next to a pillow 
cat.4112.jpg,a white cat sitting on top of a woman's arm 
cat.4113.jpg,a small kitten is sitting on a piece of wood 
cat.4114.jpg,a cat sitting on a table next to a lamp 
cat.4115.jpg,a black and white cat laying on top of a rug 
cat.4116.jpg,a cat laying on top of a blanket 
cat.4117.jpg,a cat sitting in a cage in a room 
cat.4118.jpg,a cat sitting on a table next to a vase of flowers 
cat.4119.jpg,a cat that is wearing a hat 
cat.4120.jpg,a cat that is standing in a cage 
cat.4121.jpg,a cat sitting on top of a hat 
cat.4122.jpg,a black cat is sitting on a blanket 
cat.4123.jpg,a black and white cat sitting on a person's lap 
cat.4124.jpg,a cat sitting on a table next to a wall 
cat.4125.jpg,a gray and white cat laying on the floor 
cat.4126.jpg,two black and white cats playing together on a bed 
cat.4127.jpg,a cat that is laying down on a couch 
cat.4128.jpg,two cats are sitting on a cage together 
cat.4129.jpg,a cat that is laying down in a cage 
cat.4130.jpg,a cat laying on top of a cardboard box 
cat.4131.jpg,a black cat laying on top of a carpet 
cat.4132.jpg,a black and white cat sitting in a plant 
cat.4133.jpg,a cat laying on top of a bed 
cat.4134.jpg,an orange and white cat sitting on a mirror 
cat.4135.jpg,a gray and white cat standing on a counter 
cat.4136.jpg,a cat sitting on top of a refrigerator door 
cat.4137.jpg,a gray and white cat laying on top of a blanket 
cat.4138.jpg,a white cat sitting on top of a counter 
cat.4139.jpg,a gray and white cat sitting on top of a wooden shelf 
cat.4140.jpg,a cat that is laying down on a table 
cat.4141.jpg,a person holding a cat in their hand 
cat.4142(1).jpg,a cat that is standing in front of a door 
cat.4142.jpg,a cat that is standing in front of a door 
cat.4143.jpg,a cat sitting on top of a computer keyboard 
cat.4144.jpg,a small kitten sitting on top of a bed 
cat.4145.jpg,a brown and white cat sitting on a green wall 
cat.4146.jpg,a black and white cat standing in front of a mirror 
cat.4147.jpg,a white cat sitting in a bath tub 
cat.4148.jpg,a black cat is sitting on a blue blanket 
cat.4149.jpg,a black cat laying on top of a bed 
cat.4150.jpg,a cat sitting on the floor next to a refrigerator 
cat.4151.jpg,a person holding a cat in their arms 
cat.4152.jpg,a black cat standing on the floor next to a rug 
cat.4153.jpg,a cat sitting on top of a blanket in a room 
cat.4154.jpg,a cat sitting on top of a desk 
cat.4155.jpg,a cat sitting on top of a blanket in a cage 
cat.4156(1).jpg,a person petting a cat on a bed 
cat.4156.jpg,a person petting a cat on a bed 
cat.4157.jpg,a black and white cat sitting on top of a wooden bench 
cat.4158.jpg,a cat that is sitting inside of a cage 
cat.4159.jpg,a person holding a black cat 
cat.4160.jpg,a cat sitting on the floor in front of a door 
cat.4161.jpg,a cat that is sitting on the floor 
cat.4162.jpg,an orange and white cat sitting next to a person 
cat.4163.jpg,a cat is sitting on a person's lap 
cat.4164.jpg,an orange and white cat sitting on a couch 
cat.4165.jpg,a black cat is sitting on a mirror 
cat.4166.jpg,a cat sitting on top of a white board 
cat.4167.jpg,a black cat sitting in a metal cage 
cat.4168.jpg,a gray and white cat standing next to a metal grate 
cat.4169.jpg,a cat that is looking at something 
cat.4170.jpg,a black cat laying on top of a blanket 
cat.4171.jpg,a black and white cat laying on a table 
cat.4172.jpg,a black and white cat is sitting on the ground 
cat.4173.jpg,a cat that is laying down on a carpet 
cat.4174.jpg,a person laying on a bed with a cat 
cat.4175.jpg,a cat that is laying down on a pillow 
cat.4176.jpg,a black and white cat wearing a pink bow tie 
cat.4177.jpg,a gray and white cat sitting on top of a plant 
cat.4178.jpg,a number of cats sitting on a chair 
cat.4179.jpg,a black and white cat is looking at the camera 
cat.4180.jpg,a gray and white cat sitting on a table 
cat.4181(1).jpg,a cat that is laying down on a blanket 
cat.4181.jpg,a cat that is laying down on a blanket 
cat.4182.jpg,a cat that is laying down in a bed 
cat.4183.jpg,a black cat is sitting on a cage 
cat.4184.jpg,a cat that is laying down in a blanket 
cat.4185.jpg,a black and white cat sitting in a red bucket 
cat.4186.jpg,a cat sitting on top of a table 
cat.4187.jpg,a cat that is looking at the camera 
cat.4188.jpg,a cat laying on top of a blanket on a bed 
cat.4189.jpg,a black and white cat sitting in a cage 
cat.4190.jpg,a woman smiles as she holds a cat in her arms 
cat.4191.jpg,a cat and a cat laying on a wooden bench 
cat.4192.jpg,a black and white cat laying in a basket 
cat.4193.jpg,a black and white cat sitting on top of a table 
cat.4194.jpg,a cat that is standing on a tile floor 
cat.4195(1).jpg,a black cat sitting on top of a couch 
cat.4195.jpg,a black cat sitting on top of a couch 
cat.4196.jpg,a cat that is laying down on a blanket 
cat.4197.jpg,a gray and white cat sitting on a blue surface 
cat.4198.jpg,a cat sitting on a chair in a room 
cat.4199.jpg,a cat that is laying down on a carpet 
cat.4200.jpg,a white and black cat with a white face 
cat.4201.jpg,a cat that is laying down in a bowl 
cat.4202.jpg,a black and white cat sitting on top of a chair 
cat.4203.jpg,a cat sitting on a window sill looking outside 
cat.4204.jpg,a grey and white cat sitting on a blue blanket 
cat.4205.jpg,a cat that is laying down on a table 
cat.4206.jpg,a cat laying on the ground next to a stuffed animal 
cat.4207.jpg,a black and white cat sitting on the floor 
cat.4208.jpg,a person holding a cat in their hand 
cat.4209.jpg,a black and white cat sitting in a cage 
cat.4210.jpg,a black and white cat looking at the camera 
cat.4211.jpg,a cat that is laying down with a cat toy 
cat.4212.jpg,a black cat sitting on a person's lap 
cat.4213.jpg,a gray and white cat is sitting on a table 
cat.4214.jpg,a cat that is laying down on a bed 
cat.4215.jpg,a black and white cat sitting on top of a blanket 
cat.4216.jpg,a black and white cat sitting on a cage 
cat.4217.jpg,a black and white cat laying on top of a cage 
cat.4218.jpg,a black cat sitting in a bowl of food 
cat.4219.jpg,a cat sitting on top of a blue blanket 
cat.4220(1).jpg,a cat sitting on top of a bed next to a window 
cat.4220.jpg,a cat sitting on top of a bed next to a window 
cat.4221.jpg,a cat standing on top of a refrigerator 
cat.4222.jpg,a black and white cat sitting on top of a blanket 
cat.4223.jpg,a cat laying on the floor next to a tile floor 
cat.4224.jpg,a small kitten sitting on top of a couch 
cat.4225.jpg,a black cat laying on top of a counter 
cat.4226.jpg,a cat laying on top of a green couch 
cat.4227.jpg,a cat standing on top of a wooden table 
cat.4228.jpg,a cat that is laying down on a person's lap 
cat.4229.jpg,a man holding a cat on his lap 
cat.4230.jpg,a cat sitting on top of a pile of papers 
cat.4231.jpg,a cat sitting on a wooden floor next to a stuffed animal 
cat.4232.jpg,a black and white cat sitting in a sink 
cat.4233.jpg,a black cat sitting on top of a person's hand 
cat.4234.jpg,a person holding a cat in their arms 
cat.4235.jpg,a cat that is laying down on a table 
cat.4236.jpg,a brown and white cat sitting on top of a wooden floor 
cat.4237.jpg,a black and white cat looking at the camera 
cat.4238.jpg,a cat laying on top of a couch next to another cat 
cat.4239.jpg,a white cat sitting on a table next to a paper 
cat.4240.jpg,a person petting a cat in a store 
cat.4241.jpg,a cat sitting on top of a bed 
cat.4242.jpg,a cat that is sitting in a cage 
cat.4243.jpg,a cat laying on top of a blanket 
cat.4244.jpg,a cat sitting on top of a chair 
cat.4245.jpg,a cat that is laying down on a table 
cat.4246.jpg,a cat that is laying down in a cage 
cat.4247.jpg,a person holding a cat in their hands 
cat.4248.jpg,a cat sitting on top of a blanket 
cat.4249.jpg,a black cat sitting on the floor next to a rug 
cat.4250.jpg,a black cat sitting on top of a couch 
cat.4251.jpg,a cat and a kitten sitting in a tub 
cat.4252.jpg,a cat that is sitting on top of a cage 
cat.4253.jpg,two cats sitting in a cage next to each other 
cat.4254.jpg,a cat that is laying down on a person's arm 
cat.4255.jpg,a black and white cat sitting in a man's lap 
cat.4256.jpg,a cat that is laying down in some hay 
cat.4257.jpg,a person holding a cat next to a woman 
cat.4258.jpg,a black and white cat laying on a rug 
cat.4259.jpg,a cat that is looking at the camera 
cat.4260.jpg,a white and black cat laying in a box 
cat.4261.jpg,two cats sitting next to each other on a red blanket 
cat.4262.jpg,a black cat is laying on a blanket 
cat.4263.jpg,a small kitten sitting on a wooden table 
cat.4264.jpg,a black and white cat sitting on a rug 
cat.4265.jpg,a black and white cat standing on a counter 
cat.4266.jpg,a black cat laying on top of a couch 
cat.4267.jpg,a gray and white cat sitting in a cage 
cat.4268.jpg,a cat that is standing in a cage 
cat.4269.jpg,a black and white cat laying on a person's lap 
cat.4270.jpg,a cat that is sitting on the ground 
cat.4271.jpg,a white kitten laying on top of a red blanket 
cat.4272.jpg,a cat sitting on top of a table 
cat.4273.jpg,a woman holding a cat in her hand 
cat.4274.jpg,a cat that is sitting on a chair 
cat.4275.jpg,an orange tabby cat laying on a wooden floor 
cat.4276.jpg,a cat that is laying down on a blanket 
cat.4277.jpg,a cat that is laying down in a cage 
cat.4278.jpg,a cat is looking at itself in a mirror 
cat.4279.jpg,a black and white cat is sitting on the floor 
cat.4280.jpg,a black and white cat sitting on a person's lap 
cat.4281.jpg,a small black and white kitten sitting on a carpet 
cat.4282.jpg,a black and white cat sitting on the ground 
cat.4283.jpg,a black and white cat laying on a person's lap 
cat.4284.jpg,a cat that is laying down on a table 
cat.4285.jpg,an orange and white cat laying on a couch 
cat.4286.jpg,a black cat sitting on the floor in a room 
cat.4287.jpg,a white cat sitting in a pot on a table 
cat.4288.jpg,a cat sitting on the ground next to a rug 
cat.4289.jpg,a black cat is sitting on a bed 
cat.4290.jpg,a cat that is laying down 
cat.4291.jpg,a person holding a cat in their hand 
cat.4292.jpg,a white cat sitting on top of a white couch 
cat.4293.jpg,a cat that is sitting on a carpet 
cat.4294.jpg,a brown and white cat sitting on top of a bed 
cat.4295.jpg,a white cat sitting in a bowl on a porch 
cat.4296.jpg,a black cat is sitting on a person's arm 
cat.4297.jpg,a cat is sitting on the floor looking at the camera 
cat.4298.jpg,a person holding a cat in their hands 
cat.4299.jpg,a black cat sitting on top of a counter 
cat.4300.jpg,a white and black cat sitting in a cage 
cat.4301.jpg,a cat that is laying down on a chair 
cat.4302.jpg,a cat that is laying down in a cage 
cat.4303.jpg,a gray and white kitten sitting on top of a bed 
cat.4304.jpg,a cat is sitting on a wooden table 
cat.4305.jpg,a cat that is laying down in a box 
cat.4306.jpg,a woman holding a small kitten in her arms 
cat.4307.jpg,a gray and white cat sitting on a carpet 
cat.4308.jpg,a cat sitting on top of a pile of toys 
cat.4309.jpg,a cat that is laying down on a bed 
cat.4310.jpg,a brown and white cat laying on a bed 
cat.4311.jpg,a brown and white cat laying in a cage 
cat.4312.jpg,a cat that is sitting on the ground 
cat.4313.jpg,a cat laying on a counter next to a sink 
cat.4314.jpg,a cat that is laying down on a table 
cat.4315.jpg,a black cat laying on top of a white surface 
cat.4316.jpg,a cat that is laying down in a red basket 
cat.4317.jpg,a cat sitting on top of a cage in a cage 
cat.4318.jpg,a black cat laying on the floor next to a wooden floor 
cat.4319.jpg,a cat that is laying down on a blanket 
cat.4320.jpg,a cat that is laying down on a carpet 
cat.4321.jpg,a white cat standing on top of a counter 
cat.4322.jpg,a cat laying on top of a blanket on a bed 
cat.4323.jpg,a cat that is looking at the camera 
cat.4324.jpg,an orange and white cat sitting on top of a table 
cat.4325.jpg,a cat that is laying down on a pillow 
cat.4326.jpg,a cat sitting on top of a bed next to a wall 
cat.4327.jpg,a cat sitting on a blanket on a bed 
cat.4328.jpg,a gray and white cat sitting in a cage 
cat.4329.jpg,a cat that is laying down on a rug 
cat.4330.jpg,a cat is laying on a person's arm 
cat.4331.jpg,a gray and white cat laying on a rug 
cat.4332.jpg,a small kitten standing in front of a wall 
cat.4333.jpg,a gray and white cat laying on a green blanket 
cat.4334.jpg,a gray and white cat sitting on a wooden floor 
cat.4335.jpg,a white and black cat laying next to a blue and white cat 
cat.4336.jpg,an orange cat laying on a bed 
cat.4337.jpg,a black cat sitting on top of a white sheet 
cat.4338.jpg,"a kitchen with a refrigerator, sink, and counter top "
cat.4339.jpg,a black and white cat sitting on a chair 
cat.4340.jpg,a black and white cat sitting next to a counter 
cat.4341.jpg,a white cat is sitting on a blanket 
cat.4342.jpg,a cat that is laying down in a blanket 
cat.4343.jpg,a white and black cat laying on a wooden chair 
cat.4344.jpg,a black and white cat sitting on a person's lap 
cat.4345.jpg,a cat that is sitting on a table 
cat.4346.jpg,two cats playing with a toy in a room 
cat.4347.jpg,a cat sitting on a woman's lap in a kitchen 
cat.4348.jpg,a cat laying on a person's lap 
cat.4349.jpg,a cat that is laying down in a bathroom 
cat.4350.jpg,a black and white cat sitting on top of a pile of leaves 
cat.4351.jpg,a gray and white cat sitting on a wooden table 
cat.4352.jpg,a gray and white cat sitting on a counter 
cat.4353.jpg,a cat that is sitting in a sink 
cat.4354.jpg,a gray and white cat sitting on a window sill 
cat.4355.jpg,a black and white cat laying in a red box 
cat.4356.jpg,a cat sitting on the floor next to some food 
cat.4357.jpg,a brown teddy bear sitting on a bed next to a stuffed animal 
cat.4358.jpg,a person petting a cat on the arm 
cat.4359.jpg,a cat is looking at the camera 
cat.4360.jpg,a black and white cat standing on top of a table 
cat.4361.jpg,a cat that is looking at something in a cage 
cat.4362.jpg,a black cat sitting on top of a blanket 
cat.4363.jpg,a cat that is sitting on a table 
cat.4364.jpg,a close up picture of a brown and black cat 
cat.4365.jpg,a black and white cat sitting on top of a chair 
cat.4366.jpg,a cat sitting on top of a white couch 
cat.4367.jpg,a gray and white cat sitting on the floor 
cat.4368.jpg,a cat that is laying down on a bed 
cat.4369.jpg,an orange tabby cat laying on top of a bed 
cat.4370.jpg,a black cat laying on top of a blanket on a bed 
cat.4371.jpg,a cat that is laying down on a blanket 
cat.4372.jpg,a cat that is looking at the camera 
cat.4373.jpg,a black cat sitting on top of a pillow 
cat.4374.jpg,a cat that is laying down on a carpet 
cat.4375.jpg,a brown and white cat sitting in a basket 
cat.4376.jpg,a black and white cat standing on top of a white refrigerator 
cat.4377.jpg,a cat that is laying down on the floor 
cat.4378.jpg,a black and white cat sitting on a person's arm 
cat.4379.jpg,a gray and white cat standing next to a sign 
cat.4380.jpg,a black and white cat laying on the ground 
cat.4381.jpg,a gray and white cat sitting in front of a window 
cat.4382.jpg,a black cat laying on top of a pillow 
cat.4383.jpg,a small kitten is sleeping on a person's arm 
cat.4384.jpg,a black cat sitting next to a person 
cat.4385.jpg,two cats laying on top of a blanket 
cat.4386.jpg,a gray and white cat sitting on a rug 
cat.4387.jpg,a gray and white cat sitting on a person's lap 
cat.4388.jpg,a black cat is sitting on a wall 
cat.4389.jpg,a brown and white cat sitting in a cage 
cat.4390.jpg,a black and white cat sitting on the floor 
cat.4391.jpg,a cat laying on top of a piece of cardboard 
cat.4392.jpg,a cat that is laying down on a carpet 
cat.4393.jpg,a black cat is sitting on a carpet 
cat.4394.jpg,a white and black cat and a black and white kitten 
cat.4395.jpg,a black cat sitting on the floor next to a rug 
cat.4396.jpg,a cat is looking at the camera with its eyes closed 
cat.4397(1).jpg,a cat laying on top of a stuffed animal 
cat.4397.jpg,a cat laying on top of a stuffed animal 
cat.4398.jpg,a small kitten sitting in a bowl of food 
cat.4399.jpg,a black cat sitting in a white bowl 
cat.4400.jpg,a cat that is looking at the camera 
cat.4401.jpg,a white and brown cat sitting on the floor 
cat.4402.jpg,a gray and white cat sitting on top of a bed 
cat.4403.jpg,a cat that is sitting in a cage 
cat.4404.jpg,a cat that is sitting on a fence 
cat.4405.jpg,a black cat standing on a wooden bench 
cat.4406.jpg,a cat that is standing in a mirror 
cat.4407.jpg,a gray and white cat sitting on the floor 
cat.4408.jpg,a cat is looking at the camera with its eyes closed 
cat.4409.jpg,a cat that is laying down on a rug 
cat.4410.jpg,a woman holding a cat in her arms 
cat.4411.jpg,a cat that is laying down on a couch 
cat.4412.jpg,a black cat sitting on top of a metal fence 
cat.4413.jpg,a white cat sitting on top of a bowl 
cat.4414.jpg,a black and white cat sitting on top of a basket 
cat.4415.jpg,a woman holding a cat in her hands 
cat.4416.jpg,a black cat sitting on top of a bed 
cat.4417.jpg,a black and white cat sitting on top of a couch 
cat.4418.jpg,a cat laying on top of a blanket on a bed 
cat.4419.jpg,a black and white cat is looking at the camera 
cat.4420.jpg,a black cat sitting on top of a woman's head 
cat.4421.jpg,a cat that is sitting on a bed 
cat.4422.jpg,a cat that is sitting on top of a table 
cat.4423.jpg,a black and white cat sitting on a rope 
cat.4424.jpg,a black and white cat sitting in a green chair 
cat.4425.jpg,a black and white cat sitting on the floor next to a door 
cat.4426.jpg,a man is holding a cat in his arms 
cat.4427.jpg,a cat sitting on a window sill looking out the window 
cat.4428.jpg,a black cat is playing with a toy 
cat.4429.jpg,a cat laying on top of a pink blanket 
cat.4430.jpg,a black and white cat laying on top of a box 
cat.4431.jpg,a cat that is laying down on a bed 
cat.4432.jpg,a cat sitting on a table next to a book 
cat.4433.jpg,a cat that is laying down on a blanket 
cat.4434.jpg,a cat that is laying down next to a person 
cat.4435.jpg,a cat that is standing on a carpet 
cat.4436.jpg,a black cat sitting on top of a toilet bowl 
cat.4437.jpg,a gray cat wearing a blue bow tie 
cat.4438.jpg,a cat that is laying down on a cage 
cat.4439.jpg,a black and white cat sitting inside of a cage 
cat.4440.jpg,a cat sitting on the floor next to a rug 
cat.4441.jpg,a cat that is laying down in a basket 
cat.4442.jpg,two black cats sitting next to each other on a wall 
cat.4443.jpg,a white cat sitting on the floor next to a plate 
cat.4444.jpg,a cat standing next to a person in a bathroom 
cat.4445.jpg,a cat sitting on top of a wooden floor 
cat.4446.jpg,a pair of cats sitting on a wooden table 
cat.4447.jpg,a black and white kitten sitting on a blanket 
cat.4448.jpg,a brown and white cat and a man 
cat.4449.jpg,a black cat is sniffing a person's hand 
cat.4450.jpg,a cat that is sitting on a blanket 
cat.4451.jpg,a cat that is sitting on the floor 
cat.4452.jpg,a black cat laying on top of a pillow 
cat.4453.jpg,a black cat is sitting on a ledge 
cat.4454.jpg,a gray and white cat sitting in a cage 
cat.4455.jpg,a pair of cats sitting on a window sill looking out 
cat.4456.jpg,a cat that is standing on a wooden floor 
cat.4457.jpg,a cat that is laying down on a blanket 
cat.4458.jpg,a cat sitting on top of a blanket 
cat.4459.jpg,a cat sitting on top of a blanket on a bed 
cat.4460.jpg,a cat that is sitting in front of a bowl 
cat.4461.jpg,a cat is looking at the camera with its eyes closed 
cat.4462.jpg,a black cat is sitting on the floor 
cat.4463.jpg,a brown and white cat laying in a green container 
cat.4464.jpg,a cat laying on top of a bed in a room 
cat.4465.jpg,a gray and white cat sitting in a room 
cat.4466.jpg,a black and white cat sitting on a red couch 
cat.4467.jpg,a woman is holding a cat in her arms 
cat.4468.jpg,a gray and white cat sitting in a red basket 
cat.4469.jpg,a cat laying on top of a newspaper 
cat.4470.jpg,a cat laying on top of a wooden crate 
cat.4471.jpg,a black cat sitting on a wooden floor 
cat.4472.jpg,a black and white cat standing on top of a counter 
cat.4473.jpg,a cat that is sitting on a man's arm 
cat.4474.jpg,a brown and white cat standing next to a wooden shelf 
cat.4475.jpg,a cat that is looking into the camera 
cat.4476.jpg,a small kitten sitting on the edge of a door 
cat.4477.jpg,two cats laying on top of each other 
cat.4478.jpg,a black and white cat sitting on a railing 
cat.4479.jpg,a cat that is laying down on a carpet 
cat.4480.jpg,a cat and a zebra laying in a tub 
cat.4481.jpg,a cat that is laying down on a couch 
cat.4482.jpg,a cat that is laying down on a bed 
cat.4483.jpg,two black and white cats sitting in a box 
cat.4484.jpg,a cat that is sitting on a bed 
cat.4485.jpg,a black cat laying on top of a pink blanket 
cat.4486.jpg,a black cat is sitting on a bed 
cat.4487.jpg,a cat that is laying down on a rug 
cat.4488.jpg,a gray and white cat standing in a room 
cat.4489.jpg,a cat and a cat laying in a cage together 
cat.4490.jpg,a cat that is laying down on a table 
cat.4491.jpg,an orange and white cat sitting on a couch 
cat.4492.jpg,a black cat standing on top of a stove top 
cat.4493.jpg,a cat sitting on top of a wooden floor next to a fireplace 
cat.4494.jpg,a black and white cat is sitting on a blanket 
cat.4495.jpg,a cat sitting on top of a newspaper 
cat.4496.jpg,a black and white cat sitting on top of a rug 
cat.4497.jpg,a cat sitting on a blanket on a bed 
cat.4498.jpg,a white cat sleeping on top of a white blanket 
cat.4499.jpg,a black and white cat sitting on a person's hand 
cat.4500.jpg,a black cat standing on a bathroom floor 
cat.4501.jpg,a black and white cat laying on a rug 
cat.4502.jpg,a black cat is laying on a bed 
cat.4503.jpg,a black and white photo of a person holding a small kitten 
cat.4504.jpg,a cat sitting on the floor next to a rug 
cat.4505.jpg,a person petting a cat on the arm 
cat.4506.jpg,a cat that is laying down in a cage 
cat.4507.jpg,a person holding a kitten in their hand 
cat.4508.jpg,a cat sitting on a shelf in a store 
cat.4509.jpg,a cat that is sitting on a bed 
cat.4510.jpg,a cat that is laying down on a couch 
cat.4511.jpg,a white cat sitting on top of a wooden table 
cat.4512.jpg,a cat that is laying down in a basket 
cat.4513.jpg,a gray and white cat standing next to a bowl of food 
cat.4514.jpg,a black cat laying in a blue bucket 
cat.4515.jpg,a black cat sitting on a person's lap 
cat.4516.jpg,a black cat sitting on the floor 
cat.4517.jpg,a cat that is laying down on a blanket 
cat.4518.jpg,a cat that is laying down on the sidewalk 
cat.4519.jpg,a cat sitting on top of a pile of papers 
cat.4520.jpg,a cat laying in a bathroom sink 
cat.4521.jpg,a black and white cat sitting on a ledge 
cat.4522.jpg,a black cat sitting on top of a white bed 
cat.4523.jpg,a cat that is laying down on the ground 
cat.4524.jpg,a small kitten is sitting on a bed 
cat.4525.jpg,a black and white cat standing next to a statue 
cat.4526.jpg,a cat sitting on top of a bed 
cat.4527.jpg,a brown and white cat sitting on the floor 
cat.4528.jpg,a black and white cat sitting on a person's arm 
cat.4529.jpg,a white cat sitting on top of a blanket 
cat.4530.jpg,a cat laying on top of a tree trunk 
cat.4531.jpg,a black and white cat laying on a bed 
cat.4532.jpg,a black cat sitting on top of a cage 
cat.4533.jpg,a cat that is sitting on a pillow 
cat.4534.jpg,a cat that is looking at the camera 
cat.4535.jpg,a black and white cat sitting in a basket on a table 
cat.4536.jpg,a black cat sitting on top of a cage 
cat.4537.jpg,a cat standing on top of a kitchen counter 
cat.4538.jpg,a cat that is laying down on a red blanket 
cat.4539.jpg,a cat that is laying down on the floor 
cat.4540.jpg,a cat biting into a person's hand 
cat.4541.jpg,a black and white cat is sitting on a couch 
cat.4542.jpg,a gray and white cat laying on top of a couch 
cat.4543.jpg,a black cat sitting on top of a rug 
cat.4544.jpg,a gray and white cat sitting on a rock 
cat.4545.jpg,a black and white kitten sitting on a person's hand 
cat.4546.jpg,a cat laying on the ground with a stuffed animal 
cat.4547.jpg,a gray and white cat is holding a person 
cat.4548.jpg,a cat sitting on top of a table 
cat.4549.jpg,a black and white cat sitting on a wooden table 
cat.4550.jpg,a white and black cat sitting on the floor 
cat.4551.jpg,a black and white cat sitting on top of a rope 
cat.4552.jpg,a cat that is sitting on a carpet 
cat.4553.jpg,a black cat sitting on top of a blanket 
cat.4554.jpg,a black cat standing on top of a window 
cat.4555.jpg,a black and white cat sitting on a rug 
cat.4556.jpg,a cat that is sitting on a blanket 
cat.4557.jpg,a black cat sitting on a person's lap 
cat.4558.jpg,a brown and white cat laying on a person's lap 
cat.4559.jpg,a white cat sitting on a chair 
cat.4560.jpg,a cat sitting on top of a wooden table 
cat.4561.jpg,a cat is sitting on a bed 
cat.4562.jpg,a black and white cat is wearing a red tie 
cat.4563.jpg,a small kitten is sitting on a blanket 
cat.4564.jpg,a cat sitting on top of a rug next to a window 
cat.4565.jpg,a gray and white cat standing on a tile floor 
cat.4566.jpg,a cat and a dog playing together in a cage 
cat.4567.jpg,a cat that is sitting on a bed 
cat.4568.jpg,a pair of cats laying on top of each other 
cat.4569.jpg,a cat sitting on the floor next to a wooden table 
cat.4570.jpg,a black and white cat sitting on a person's arm 
cat.4571.jpg,a black cat laying on top of a bed 
cat.4572.jpg,a cat is sitting in a box on the floor 
cat.4573.jpg,a cat sitting on a window sill looking out 
cat.4574.jpg,a black cat sitting on top of a fence 
cat.4575.jpg,two black and white cats playing together on a blanket 
cat.4576.jpg,an orange and white cat sitting on a wooden floor 
cat.4577.jpg,a black and white cat looking at the camera 
cat.4578.jpg,a cat sitting on top of a table 
cat.4579.jpg,a black and white cat sitting on a table 
cat.4580.jpg,a black cat laying on a person's lap 
cat.4581.jpg,a small kitten sitting on a couch 
cat.4582.jpg,a cat standing next to a cat laying on a rug 
cat.4583.jpg,two small white kittens laying on top of a blanket 
cat.4584.jpg,a cat laying on a blanket on a bed 
cat.4585.jpg,a person holding a cat in their hands 
cat.4586.jpg,a cat that is laying down in a cage 
cat.4587.jpg,a black cat laying in a cage 
cat.4588.jpg,a black cat sitting on top of a black bag 
cat.4589.jpg,a black and white cat sitting on top of a blanket 
cat.4590.jpg,a black cat sitting on top of a wooden table 
cat.4591.jpg,a cat laying on a chair next to a cat 
cat.4592.jpg,a black cat sitting on the floor next to a pillow 
cat.4593.jpg,a cat that is standing in a fenced in area 
cat.4594.jpg,a black cat sitting on top of a pillow 
cat.4595.jpg,an orange and white cat sitting on top of a blanket 
cat.4596.jpg,a cat that is laying down on a rug 
cat.4597.jpg,a cat that is standing on a counter 
cat.4598.jpg,a cat that is standing in front of a microwave 
cat.4599.jpg,a black and white cat sitting on a person's lap 
cat.4600.jpg,a cat is sitting on a woman's arm 
cat.4601.jpg,a cat that is sitting in a refrigerator 
cat.4602.jpg,a black and white cat looking at a camera 
cat.4603.jpg,a black and white cat laying on top of a blanket 
cat.4604.jpg,a black and white cat sitting on a couch 
cat.4605.jpg,a cat that is looking at something 
cat.4606.jpg,a cat laying on top of a blanket 
cat.4607.jpg,a black cat laying on top of a blanket 
cat.4608.jpg,a gray and white cat sitting on top of a couch 
cat.4609.jpg,a cat sitting on the floor next to a shelf 
cat.4610.jpg,a black and white cat is playing with a person's hand 
cat.4611.jpg,a black and white cat laying on a person's lap 
cat.4612.jpg,a cat sitting in a basket in a room 
cat.4613.jpg,a gray and white cat is sitting on the floor 
cat.4614.jpg,a black and white cat sitting in a chair 
cat.4615.jpg,a small kitten is standing on a blanket 
cat.4616.jpg,a brown and white cat sitting on the floor 
cat.4617.jpg,a cat that is sitting on a blue blanket 
cat.4618(1).jpg,a gray and white cat sitting in a microwave 
cat.4618.jpg,a gray and white cat sitting in a microwave 
cat.4619.jpg,a woman holding a cat in her arms 
cat.4620.jpg,a gray and white cat is sitting on a wall 
cat.4621.jpg,a cat sleeping on top of a blanket 
cat.4622.jpg,a cat and a dog are standing in a cage 
cat.4623.jpg,a black cat laying on the ground next to a wall 
cat.4624(1).jpg,a cat sitting on top of a blanket 
cat.4624.jpg,a cat sitting on top of a blanket 
cat.4625.jpg,a cat laying on a bed next to a pillow 
cat.4626.jpg,a cat that is laying down in a yellow blanket 
cat.4627.jpg,a gray and white cat laying on a person's lap 
cat.4628.jpg,a cat sitting on a person's lap 
cat.4629.jpg,a black cat laying on a wooden surface 
cat.4630(1).jpg,a gray and white cat laying on top of a bed 
cat.4630.jpg,a gray and white cat laying on top of a bed 
cat.4631.jpg,a white cat sitting on top of a blanket 
cat.4632.jpg,a gray and white cat sitting on a wooden floor 
cat.4633.jpg,an orange and white cat is sitting on a table 
cat.4634.jpg,a white cat sitting on top of a pillow 
cat.4635.jpg,a cat that is sitting on a table 
cat.4636.jpg,a cat sitting on top of a white wall 
cat.4637.jpg,a black cat standing on top of a wooden floor 
cat.4638.jpg,a cat laying on the floor next to another cat 
cat.4639.jpg,a black cat sitting on top of a wooden floor 
cat.4640.jpg,a cat that is looking at the camera 
cat.4641.jpg,a cat standing on the floor next to a door 
cat.4642.jpg,a gray and white cat sitting on a wooden bench 
cat.4643.jpg,a black and white cat is sitting in a green blanket 
cat.4644.jpg,a cat that is sitting on a ledge 
cat.4645.jpg,a small brown and white kitten is being held by a person 
cat.4646.jpg,a cat sitting on the floor next to a blanket 
cat.4647.jpg,a black and white cat laying on a bed 
cat.4648.jpg,a gray and white cat laying on top of a blanket 
cat.4649.jpg,a cat sitting on the ground in the woods 
cat.4650.jpg,a cat sitting on the floor next to a tile floor 
cat.4651.jpg,a black cat sitting on the floor next to a wooden table 
cat.4652.jpg,a cat laying on top of a wooden table 
cat.4653.jpg,a cat that is laying down on a carpet 
cat.4654.jpg,a black and white cat sitting in a cage 
cat.4655.jpg,a black and white cat sitting on a counter 
cat.4656.jpg,a black cat standing on top of a wooden floor 
cat.4657.jpg,a black and white cat sitting on top of a wooden box 
cat.4658.jpg,a cat that is laying down on a blanket 
cat.4659.jpg,a small kitten is sitting on a pink blanket 
cat.4660.jpg,a cat that is standing next to a stuffed animal 
cat.4661.jpg,a white kitten sitting on top of a blue floor 
cat.4662.jpg,a gray and white cat sitting on a metal surface 
cat.4663.jpg,a black and white cat sitting on top of a toilet 
cat.4664.jpg,a cat and a baby laying on a bed 
cat.4665.jpg,a black and white cat sitting on top of a couch 
cat.4666.jpg,a cat standing in front of a door 
cat.4667.jpg,a cat that is laying down on a bed 
cat.4668.jpg,a white cat sitting on the floor next to a carpet 
cat.4669.jpg,a small kitten sitting on a person's arm 
cat.4670.jpg,a white cat sitting next to a white background 
cat.4671.jpg,a cat sitting next to a stuffed animal 
cat.4672.jpg,a cat that is looking at the camera 
cat.4673.jpg,a cat that is looking at itself in the mirror 
cat.4674.jpg,a cat that is standing on the floor 
cat.4675.jpg,a cat is sitting on a person's arm 
cat.4676.jpg,a cat sitting on a bed with a blanket 
cat.4677.jpg,a cat that is laying down on a blanket 
cat.4678.jpg,a cat sitting on a shelf in a room 
cat.4679.jpg,a cat that is sitting in a blanket 
cat.4680.jpg,a cat that is looking at the camera 
cat.4681.jpg,a cat sitting on a couch next to a person 
cat.4682.jpg,a cat is sitting on a person's lap 
cat.4683.jpg,a black and white cat sitting on the floor 
cat.4684.jpg,a black and white cat sitting on top of a bed 
cat.4685.jpg,a cat sitting on top of a blue couch 
cat.4686.jpg,a black and white cat laying on top of a couch 
cat.4687.jpg,a cat laying next to a cat laying on a rug 
cat.4688.jpg,a painting of a dog with a cartoon character on it 
cat.4689.jpg,a cat that is laying down on a blanket 
cat.4690.jpg,a cat sitting next to a stuffed animal 
cat.4691.jpg,a black and white cat sitting on the floor 
cat.4692.jpg,a gray and white cat sitting on a wooden floor 
cat.4693.jpg,a brown and white cat sitting on a table 
cat.4694.jpg,a black and white cat sitting on a rug 
cat.4695.jpg,a gray and white cat sitting on a tile floor 
cat.4696.jpg,a cat that is laying down on a table 
cat.4697.jpg,a brown and white cat sitting on a blue surface 
cat.4698.jpg,a gray and white cat laying on top of a table 
cat.4699.jpg,a cat sitting on top of a blue blanket 
cat.4700.jpg,a person holding a cat in their hands 
cat.4701.jpg,a cat that is sitting on a bed 
cat.4702.jpg,a black and white cat sitting in a room 
cat.4703.jpg,a black cat sitting on top of a table 
cat.4704.jpg,two cats standing next to each other on a counter 
cat.4705.jpg,a cat that is laying down on a table 
cat.4706.jpg,a cat laying on top of a computer keyboard 
cat.4707.jpg,a cat that is looking at the camera 
cat.4708.jpg,a cat that is sitting on a tree branch 
cat.4709.jpg,a white cat and a black and white cat 
cat.4710.jpg,a cat sitting on the floor in front of a door 
cat.4711.jpg,a cat that is laying down on the carpet 
cat.4712.jpg,a gray and white cat sitting on top of a couch 
cat.4713.jpg,a cat laying on a blanket on the floor 
cat.4714.jpg,a black and white cat holding a person's hand 
cat.4715.jpg,a black and white cat wearing a bow tie 
cat.4716.jpg,a cat laying on top of a pillow on a bed 
cat.4717.jpg,a cat sitting on the ground next to a rug 
cat.4718.jpg,a black and white cat sitting on top of a box 
cat.4719.jpg,a black cat sitting on top of a white bed 
cat.4720.jpg,a cat that is laying down in a refrigerator 
cat.4721.jpg,a cat that is laying on a person's arm 
cat.4722.jpg,a gray and white cat sitting on the ground 
cat.4723.jpg,an orange and white cat sitting in a cage 
cat.4724.jpg,a black and white cat sitting on a tile floor 
cat.4725.jpg,a black cat sitting in a wall 
cat.4726.jpg,a gray and white cat sitting on a wall 
cat.4727.jpg,a person holding a cat in their hand 
cat.4728.jpg,a black and white cat is looking at the camera 
cat.4729.jpg,a white and black dog looking at the camera 
cat.4730.jpg,a gray and white cat sitting on a metal cage 
cat.4731.jpg,a cat laying on the ground next to a stuffed animal 
cat.4732.jpg,a black and white cat sitting in a living room 
cat.4733.jpg,a gray and white cat sitting on top of a blanket 
cat.4734.jpg,a gray and white cat laying on top of a table 
cat.4735.jpg,a white cat laying on top of a blanket 
cat.4736.jpg,a gray and white cat with a white face 
cat.4737.jpg,a brown and white cat laying on top of a blanket 
cat.4738.jpg,a cat sitting on top of a pile of green plants 
cat.4739.jpg,a cat that is laying down in a bathroom 
cat.4740.jpg,a gray and white cat sitting on a counter 
cat.4741.jpg,a black cat sitting next to a black purse 
cat.4742.jpg,a black and white cat is sitting on a table 
cat.4743.jpg,a cat that is laying down on a tile floor 
cat.4744.jpg,a black cat sitting on the ground 
cat.4745.jpg,a black and white cat and a white and gray cat in a cage 
cat.4746.jpg,a black cat sitting next to a black cat 
cat.4747.jpg,a cat sitting on the floor next to a pair of shoes 
cat.4748.jpg,a black cat sitting in a blue plastic container 
cat.4749.jpg,a gray and white cat sitting in the snow 
cat.4750.jpg,a white cat sitting on top of a brown chair 
cat.4751.jpg,a gray and white cat sitting on a rug 
cat.4752.jpg,a gray and white cat wearing a blue tie 
cat.4753.jpg,a gray and white cat standing next to an orange and white cat 
cat.4754.jpg,a gray and white cat sitting on top of a brick wall 
cat.4755.jpg,a cat that is standing on the floor 
cat.4756.jpg,a cat that is laying down on a cage 
cat.4757.jpg,a gray and white cat sitting on top of a tile floor 
cat.4758.jpg,a black and white cat sitting in a metal cage 
cat.4759.jpg,a white cat sitting on top of a counter 
cat.4760.jpg,an orange and white cat is sitting on a blue surface 
cat.4761.jpg,a gray and white cat sitting on a person's lap 
cat.4762.jpg,a cat that is laying down on the floor 
cat.4763.jpg,a cat sitting on top of a wooden table 
cat.4764.jpg,a brown and white cat sitting in a metal cage 
cat.4765.jpg,a cat sitting inside of a red cage 
cat.4766.jpg,a cat that is laying down on a counter 
cat.4767.jpg,a cat is sitting on the floor looking at the camera 
cat.4768.jpg,a cat laying on a blanket next to a stuffed animal 
cat.4769.jpg,a cat that is laying down 
cat.4770.jpg,a gray and white cat sitting on the floor 
cat.4771.jpg,a cat standing on a window sill next to a person 
cat.4772.jpg,a cat laying on top of a blanket on a table 
cat.4773.jpg,a black and white dog playing with a person's hand 
cat.4774.jpg,a black cat sitting on top of a bed 
cat.4775.jpg,a black cat sitting on top of a pile of papers 
cat.4776.jpg,a cat laying on a person's lap 
cat.4777.jpg,a cat is looking at the camera with its tongue out 
cat.4778.jpg,a black cat standing on top of a tile floor 
cat.4779.jpg,a cat sitting on top of a rug 
cat.4780.jpg,a cat that is standing on top of a counter 
cat.4781.jpg,a cat sitting on top of a blanket on a bed 
cat.4782.jpg,a black and white cat wearing a santa hat 
cat.4783.jpg,a cat sitting on the ground next to a toy 
cat.4784.jpg,a cat that is laying down on the ground 
cat.4785.jpg,a black and white cat laying on a person's arm 
cat.4786.jpg,a black and white cat sitting in a box 
cat.4787.jpg,a cat that is standing on the ground 
cat.4788.jpg,a cat that is laying down on a rug 
cat.4789.jpg,a black and white cat sitting on top of a blanket 
cat.4790.jpg,a black cat standing on a shelf in a store 
cat.4791.jpg,a cat sitting on a person's arm 
cat.4792.jpg,a cat that is laying down on a rug 
cat.4793.jpg,a small white kitten sitting on a bed 
cat.4794.jpg,a cat sitting in a cage looking at the camera 
cat.4795.jpg,a black and white cat and a gray and white cat 
cat.4796.jpg,a black cat sitting in a window sill 
cat.4797.jpg,a cat that is laying down on a couch 
cat.4798.jpg,a black and white cat standing in a cage 
cat.4799.jpg,a cat laying on top of a blanket on the floor 
cat.4800.jpg,a cat laying on the ground next to a tile floor 
cat.4801.jpg,a cat that is laying down in a blue bowl 
cat.4802.jpg,a black and white cat sitting on top of a counter 
cat.4803(1).jpg,a cat that is laying down in a cage 
cat.4803.jpg,a cat that is laying down in a cage 
cat.4804.jpg,a gray and white cat sitting on a tile floor 
cat.4805.jpg,a gray and white striped cat sitting in a cage 
cat.4806.jpg,an orange and white cat sitting on a blue blanket 
cat.4807.jpg,a black and white cat laying on a person's arm 
cat.4808.jpg,a cat that is laying down on a table 
cat.4809.jpg,a gray and white cat sitting on top of a table 
cat.4810.jpg,a black and white cat looking at the camera 
cat.4811.jpg,an orange and white cat sitting on the floor 
cat.4812.jpg,a black cat laying on a blanket next to a black cat 
cat.4813.jpg,a gray and white cat sitting on top of a cage 
cat.4814.jpg,a cat that is laying down on someones bed 
cat.4815.jpg,a cat sitting on the floor looking at something 
cat.4816.jpg,a cat that is sitting on a blanket 
cat.4817(1).jpg,a gray and white cat laying on top of a box 
cat.4817.jpg,a gray and white cat laying on top of a box 
cat.4818.jpg,a white cat sitting next to a white cat 
cat.4819.jpg,a cat sitting on top of a blanket 
cat.4820.jpg,a cat laying on top of a green blanket 
cat.4821.jpg,a cat that is laying down in a bath tub 
cat.4822.jpg,an orange tabby cat laying on top of a wooden table 
cat.4823.jpg,a cat sitting on top of a bed 
cat.4824.jpg,a black cat sitting in a window sill 
cat.4825.jpg,a woman is holding a cat in her lap 
cat.4826.jpg,a cat that is laying down on a blanket 
cat.4827.jpg,a cat sitting on top of a couch 
cat.4828.jpg,a black and white cat laying on a blanket 
cat.4829.jpg,a black and white cat looking at the camera 
cat.4830.jpg,a black cat sitting on a wooden floor 
cat.4831.jpg,a cat that is looking at the camera 
cat.4832.jpg,a gray and white cat sitting on a man's arm 
cat.4833.jpg,a black and white cat sitting in front of a mirror 
cat.4834.jpg,a cat that is looking at the camera 
cat.4835.jpg,a cat sitting on the ground next to a wall 
cat.4836.jpg,a cat that is looking at the camera 
cat.4837.jpg,a cat laying on top of a couch next to another cat 
cat.4838.jpg,a black cat laying on a bed 
cat.4839.jpg,a black cat is sitting on a bed 
cat.4840.jpg,a cat that is laying down in a sink 
cat.4841.jpg,a cat laying on top of a blue couch 
cat.4842.jpg,a cat laying on top of a table next to a glove 
cat.4843.jpg,a cat laying on top of a blanket on a bed 
cat.4844.jpg,a cat that is standing in the grass 
cat.4845.jpg,a cat standing on top of a piece of wood 
cat.4846.jpg,a black and white cat is standing on the ground 
cat.4847.jpg,a gray and white cat laying on top of a box 
cat.4848.jpg,a gray and white cat standing on a tile floor 
cat.4849.jpg,a gray and white cat sitting in a cage 
cat.4850.jpg,two black and white cats playing with each other 
cat.4851.jpg,a white cat sitting on the floor next to a microwave 
cat.4852.jpg,a black dog laying next to a bunch of puppies 
cat.4853.jpg,a cat that is laying down on a blanket 
cat.4854.jpg,two cats sitting on a blue blanket next to each other 
cat.4855.jpg,a cat laying on top of a bed 
cat.4856.jpg,a cat sitting on top of a metal cage 
cat.4857.jpg,a cat that is laying down in a basket 
cat.4858.jpg,a cat that is sitting on a chair 
cat.4859.jpg,a cat sitting on the edge of a window sill 
cat.4860.jpg,a gray and white cat sitting in a chair 
cat.4861.jpg,a cat that is sitting on the ground 
cat.4862.jpg,a cat sitting on a person's lap 
cat.4863.jpg,a cat that is laying down on a couch 
cat.4864.jpg,an orange tabby cat laying on a tile floor 
cat.4865.jpg,a small black and white kitten laying on a person's lap 
cat.4866.jpg,a black cat standing next to a wall 
cat.4867.jpg,a black and white cat laying on a blue blanket 
cat.4868.jpg,a cat standing on top of a couch 
cat.4869.jpg,a person holding a black cat in their hand 
cat.4870.jpg,a man holding a cat in his arms 
cat.4871.jpg,a cat that is sitting on a couch 
cat.4872.jpg,a cat that is laying down on a red couch 
cat.4873.jpg,a cat that is sitting on a chair 
cat.4874.jpg,a cat sitting on the floor in a room 
cat.4875.jpg,a cat that is laying down on the carpet 
cat.4876.jpg,a black and white cat sitting on a counter 
cat.4877.jpg,a person holding a kitten in their hand 
cat.4878.jpg,a black and white cat sitting on top of a man 
cat.4879.jpg,a cat that is laying down on a bed 
cat.4880.jpg,a cat laying on top of a toilet bowl 
cat.4881.jpg,a gray and white cat sitting in a cage 
cat.4882.jpg,a cat that is sitting on a table 
cat.4883.jpg,a black and white cat is looking at the camera 
cat.4884.jpg,an orange tabby cat sitting on top of a blanket 
cat.4885.jpg,a cat sitting on the floor in front of a door 
cat.4886.jpg,a gray and white cat sitting on a tile floor 
cat.4887.jpg,a cat sitting on top of a desk 
cat.4888.jpg,a black cat laying on top of a rug 
cat.4889.jpg,a black cat laying on a couch 
cat.4890.jpg,a cat laying on a person's lap 
cat.4891.jpg,a cat laying on a towel on a counter 
cat.4892.jpg,a person holding a black cat in their hand 
cat.4893.jpg,a cat that is laying down on a couch 
cat.4894.jpg,a cat laying in a blanket on a bed 
cat.4895.jpg,a black and white cat holding a person's hand 
cat.4896.jpg,a black cat sitting on top of a counter 
cat.4897.jpg,a black and white cat sitting on a table 
cat.4898.jpg,a black and white cat laying on top of a couch 
cat.4899.jpg,a brown and white cat sitting in a cage 
cat.4900.jpg,a cat that is laying down on a couch 
cat.4901.jpg,a woman is petting a cat on a table 
cat.4902.jpg,a cat that is sitting on top of a table 
cat.4903.jpg,a black cat standing on top of a tile floor 
cat.4904.jpg,a cat that is laying down on a bed 
cat.4905.jpg,a brown and white cat sitting in a cage 
cat.4906.jpg,a cat is sitting on the hood of a car 
cat.4907.jpg,a cat that is laying down on a blanket 
cat.4908.jpg,a cat that is sitting on a pillow 
cat.4909.jpg,a black cat sitting on a person's lap 
cat.4910.jpg,a cat is sitting on a person's arm 
cat.4911.jpg,a small kitten is sitting on a blanket 
cat.4912.jpg,a cat that is looking at the camera 
cat.4913.jpg,a white and black cat standing next to a wall 
cat.4914.jpg,a cat that is sitting in a cage 
cat.4915.jpg,a gray and white cat sitting on the ground 
cat.4916.jpg,a gray and white cat laying on top of a counter 
cat.4917.jpg,a cat that is sitting on a chair 
cat.4918.jpg,a gray and white cat is sitting on a cage 
cat.4919.jpg,a black cat sitting on a table 
cat.4920.jpg,an orange and white cat sitting in a car seat 
cat.4921.jpg,a cat that is laying down in a cage 
cat.4922.jpg,a brown and white cat sitting in a cage 
cat.4923.jpg,a cat that is standing on a counter 
cat.4924.jpg,a black and white cat sitting on top of a wall 
cat.4925.jpg,a cat that is laying down in a cage 
cat.4926.jpg,a person holding a black cat 
cat.4927.jpg,two cats sitting next to each other in a cage 
cat.4928.jpg,a black cat sitting next to a plant 
cat.4929.jpg,a cat sitting on a blanket next to a stuffed animal 
cat.4930.jpg,a gray and white cat is sitting on a bed 
cat.4931.jpg,a cat that is sitting on a table 
cat.4932.jpg,a black cat sitting on top of a counter 
cat.4933.jpg,two cats are playing with each other on a bed 
cat.4934.jpg,a black and white cat sitting on top of a blanket 
cat.4935.jpg,a cat sitting on top of a floor next to a dog 
cat.4936.jpg,a black cat looking at the camera 
cat.4937.jpg,a cat sitting on the floor next to a wall 
cat.4938.jpg,two cats that are looking at each other 
cat.4939.jpg,a cat standing next to a brown and white cat 
cat.4940.jpg,a black and white cat sitting next to a person 
cat.4941.jpg,a gray and white cat standing next to a wall 
cat.4942.jpg,a cat sitting on a couch next to another cat 
cat.4943.jpg,a gray and white cat sitting on a blue blanket 
cat.4944.jpg,a black and white cat standing in a cage 
cat.4945.jpg,a cat that is laying down on the floor 
cat.4946.jpg,a black cat sitting on top of a log 
cat.4947.jpg,a cat laying down on a bed 
cat.4948.jpg,a cat sitting on top of a wooden shelf 
cat.4949.jpg,a gray and white cat is looking at the camera 
cat.4950.jpg,a black cat laying on top of a white sheet 
cat.4951.jpg,a black and white cat standing next to a wall 
cat.4952.jpg,a cat laying on the floor in a room 
cat.4953.jpg,a black and white cat is sitting on a blue couch 
cat.4954.jpg,a gray and white cat sitting on a bed 
cat.4955.jpg,a cat and a cat laying in a cage 
cat.4956.jpg,a black and white cat laying on a rug 
cat.4957.jpg,a cat wearing a bow tie 
cat.4958.jpg,a black cat sitting on top of a chair 
cat.4959.jpg,a small kitten standing in the grass 
cat.4960.jpg,a black and white cat and a gray and white cat 
cat.4961.jpg,a black and white cat sitting in a box 
cat.4962.jpg,a cat laying on a blanket in a cage 
cat.4963.jpg,a black and white cat sitting next to a book 
cat.4964.jpg,a gray cat laying on top of a metal rack 
cat.4965.jpg,a black cat and a black cat are playing in a cage 
cat.4966.jpg,a brown and white cat sitting on a wooden table 
cat.4967.jpg,a cat laying on top of a chair 
cat.4968.jpg,a cat playing with a ball on the floor 
cat.4969.jpg,a cat that is laying down on the carpet 
cat.4970.jpg,a brown and white cat laying in a cage 
cat.4971.jpg,a gray and white cat is looking at the camera 
cat.4972.jpg,a cat that is laying down in a cage 
cat.4973.jpg,a cat that is sitting on the floor 
cat.4974.jpg,a cat laying on a red blanket on a red couch 
cat.4975.jpg,a gray and white cat sitting on a table 
cat.4976.jpg,a black cat sitting on a table next to a plant 
cat.4977.jpg,a cat sitting on top of a window sill 
cat.4978.jpg,a cat that is sitting on a blanket 
cat.4979.jpg,a black and white cat sitting on a rug 
cat.4980.jpg,a cat sitting on top of a pile of papers 
cat.4981.jpg,a cat laying on top of a shelf 
cat.4982.jpg,a black cat sitting on top of a rug 
cat.4983.jpg,a black and white cat sitting on a bed 
cat.4984.jpg,a black cat sitting on top of a counter 
cat.4985.jpg,a woman petting a black and white cat 
cat.4986.jpg,a black and white cat standing on a tile floor 
cat.4987.jpg,a black and white cat sitting on a couch 
cat.4988.jpg,a cat is sitting on a blue couch 
cat.4989.jpg,a black cat sitting on a chair in a room 
cat.4990.jpg,a gray and white cat sitting on the floor 
cat.4991.jpg,a person holding a cat in their hand 
cat.4992.jpg,a black and white cat standing on a wooden fence 
cat.4993.jpg,a cat sitting on a window sill looking out 
cat.4994.jpg,a cat that is laying down in the snow 
cat.4995.jpg,a cat sitting on the edge of a bathroom wall 
cat.4996.jpg,a cat sitting on the floor next to a carpet 
cat.4997.jpg,a cat that is laying down on a chair 
cat.4998.jpg,a gray and white cat sitting in a blue suitcase 
cat.4999.jpg,a cat standing on a window sill looking out 
cat.5000.jpg,a cat that is laying down on a table 
